"id1","id2","wkt_geometry"
1,1,"POINT(0 0)"
2,3,"POINT(0.091465453194651 0.040564635958395)"
4,5,"POINT(0.194437221396731 -0.026523031203566)"
7,3,"POINT(0.23032132243685 -0.216864784546805)"
22,NULL,"POINT(-0.016186849925706 -0.276151560178306)"
43,3,"POINT(-0.131640044576523 -0.199702823179792)"
